Workbook
Name CC_originacao: #REF!,#REF!,#REF!,#REF!,#REF!
Name CC_PAC: #REF!,#REF!,#REF!,#REF!,#REF!
Name TAB_EMP: #REF!

Sheet custo unitário INSUMOS
A1: CÓDIGOS | B1: INSUMOS NAS ESTRUTURAS | C1: unidade de compra | D1: vlr unitário | E1: data entrada | F1: NF | G1: Fornecedor | H1: unidade de estoque | I1: vlr unit pela unidade de estoque | J1: vlr unit pela unidade de estoque SEM TRIBUTOS | K1: pis, cofins, icms | L1: pis, cofins
A2: 05.0004 | B2: CAIXA DE ISOPOR (8,5L) | C2: UN | D2: 5.1 | E2: 45462 | F2: 108243 | G2: 12152 | H2: UN | I2: 5.1 | J2: =+I2*$L$4 -> 4.62825 | K2: =1.65+7.6+7 -> 16.25 | L2: =1.65+7.6 -> 9.25
A3: 05.0020 | B3: SACO PLASTICO 1KG - UNICA | C3: MI | D3: 0.073 | E3: 44944 | F3: 1266 | G3: 11312 | H3: UN | I3: 0.073 | J3: =+I3*$L$4 -> 0.0662475 | K3: =100-K2 -> 83.75 | L3: =100-L2 -> 90.75
A4: 05.0032 | B4: SACO GOODFISH 500g | C4: sem entrada com nota fiscal | D4: - | E4: - | F4: - | H4: - | J4: =+I4*$L$4 -> 0 | K4: =+K3/100 -> 0.8375 | L4: =+L3/100 -> 0.9075
A5: 05.0033 | B5: SACO QUALYFISH 400g | C5: sem entrada com nota fiscal | D5: - | E5: - | F5: - | H5: - | J5: =+I5*$L$4 -> 0
A6: 05.0034 | B6: SACO QUALYFISH 800g | C6: sem entrada com nota fiscal | D6: - | E6: - | F6: - | H6: - | J6: =+I6*$L$4 -> 0
A7: 05.0046 | B7: ETQ AZUL | C7: MI | D7: 0.086 | E7: 45379 | F7: 14660 | G7: 10112 | H7: UN | I7: 0.086 | J7: =+I7*$L$4 -> 0.078045
A8: 05.0047 | B8: ETQ VERDE | C8: MI | D8: 0.086 | E8: 45379 | F8: 14660 | G8: 10112 | H8: UN | I8: 0.086 | J8: =+I8*$L$4 -> 0.078045
A9: 05.0048 | B9: ETIQUETA VERMELHA - GG | C9: MI | D9: 0.086 | E9: 45379 | F9: 14660 | G9: 10112 | H9: UN | I9: 0.086 | J9: =+I9*$L$4 -> 0.078045
A10: 05.0049 | B10: ETQ BRANCA | C10: sem entrada com nota fiscal | D10: - | E10: - | F10: - | H10: UN | I10: 0.086 | J10: =+I10*$L$4 -> 0.078045
A11: 05.0073 | B11: SACO PARA CONGELADOS | C11: MI | D11: 0.096 | E11: 45351 | F11: 1846 | G11: 11312 | H11: UN | I11: 0.096 | J11: =+I11*$L$4 -> 0.08712
A12: 05.0080 | B12: CAIXA DE PAPELÃO 330X430X330mm | C12: UN - MI | D12: 6,31 e 5,70 | E12: 45379 | F12: 7275 - 63951 | G12: 13701 - 13433 | H12: UN | I12: 6.2 | J12: =+I12*$L$4 -> 5.6265
A13: 05.0083 | B13: FOLHA PE LISA 30X40 | C13: MI | D13: 0.109 | E13: 45443 | F13: 67524 | G13: 10825 | H13: UN | I13: 0.06 | J13: =+I13*$L$4 -> 0.05445
A14: 05.0086 | B14: RIBBON | C14: RL | D14: =48/300 -> 0.16 | E14: 45350 | F14: 22152 | G14: 14498 | H14: M | I14: =0.032 -> 0.032 | J14: =+I14*$L$4 -> 0.02904
A15: 05.0087 | B15: FITA ADESIVA | C15: RL | D15: =5.6/100 -> 0.056 | E15: 45453 | F15: 7765 | G15: 11427 | H15: M | I15: =5.6/100 -> 0.056 | J15: =+I15*$L$4 -> 0.05082
A16: 05.0088 | B16: ABSORVENTE PRETO | C16: CX | D16: 0.096 | E16: 45379 | F16: 8617 | G16: 10212 | H16: UN | I16: 0.096 | J16: =+I16*$L$4 -> 0.08712
A17: 05.0092 | B17: ABSORVENTE BRANCO | C17: CX | D17: 0.064 | E17: 45264 | F17: 8156 | G17: 10212 | H17: UN | I17: 0.064 | J17: =+I17*$L$4 -> 0.05808
A18: 05.0089 | B18: FITA DE ARQUEAR | C18: RL | D18: =320/3000 -> 0.10666667 | E18: 45350 | F18: 128237 | G18: 11413 | H18: M | I18: =320/3000 -> 0.10666667 | J18: =+I18*$L$4 -> 0.0968
A19: 05.0090 | B19: SACO 500X800X0,16 AZUL | C19: MI | D19: 1.233 | E19: 44812 | F19: 14904 | G19: 12851 | H19: UN | I19: 1.233 | J19: =+I19*$L$4 -> 1.1189475
A20: 05.0091 | B20: SACO RAFIA | C20: SC | D20: 1.45 | E20: 45240 | F20: 286 | G20: 13057 | H20: UN | I20: 1.45 | J20: =+I20*$L$4 -> 1.315875
A21: 05.0059 | B21: SACO QUALY NP 350X450X120P | C21: MI | D21: =10584/10000 -> 1.0584 | E21: 45381 | F21: 1363 | G21: 11312 | H21: UN | I21: =10584/10000 -> 1.0584 | J21: =+I21*$L$4 -> 0.960498
A22: 04.0018 | B22: GELOX | C22: UNIDADE | I22: =SUM(I23:I24) -> 0.5532408 | J22: =+I22*$L$4 -> 0.50206603
A23: 05.0093 | B23: PO QUIMICO GEL PACK - UNICA | C23: KG | D23: =13.0208/1000 -> 0.0130208 | E23: 45412 | F23: 15158 | G23: 12519 | H23: GR | I23: =13.0208/1000 -> 0.0130208 | J23: =+I23*$L$4 -> 0.011816376
A24: 05.0017 | B24: SACO GEL PACK - UNICA | C24: MI | D24: =540.22/1000 -> 0.54022 | E24: 45462 | F24: 2054 | G24: 11312 | H24: UN | I24: =540.22/1000 -> 0.54022 | J24: =+I24*$L$4 -> 0.49024965
A25: 05.0027 | B25: PEIXE VIVO | C25: KG | D25: 1 | H25: KG | I25: 7.79 | J25: =+I25*$L$4 -> 7.069425
A26: FLR001 | B26: FILE SEM PELE IN NATURA | C26: RENDIMENTO/KG | D26: 0.33 | H26: KG | I26: =(D25/D26)*I25 -> 23.606061 | J26: =+I26*$L$4 -> 21.4225
A27: 04.0015 | B27: RESÍDUO | C27: RENDIMENTO/KG | D27: 0.67 | H27: KG | I27: =(D25/D27)*I25 -> 11.626866 | J27: =+I27*$L$4 -> 10.551381
A28: EVISCERADA | B28: EVICESRADA | C28: RENDIMENTO/KG | D28: 0.95 | H28: KG | I28: =(D25/D28)*I25 -> 8.2 | J28: =+I28*$L$4 -> 7.4415

Sheet estruturas MODELOS
B1: BASE ATUALIZADA EM: | C1: 45471
A3: Código | B3: Derivação | C3: Unid | D3: Qtde | E3: Custo por PA | F3: Custo por KG
A5: RESFRIADOS
B6: DIVERSOS
A7: DERIVACAO EMB005 | B7: CAIXA DE ISOPOR 5kg | C7: PA - 5KG | D7: 5
A8: FLR001 | B8: FILÉ SEM PELE IN NATURA | C8: KG - RENDIMENTO | D8: 0.33 | E8: =VLOOKUP(A8,'custo unitário INSUMOS'!A:J,11,0)*D7 -> #REF!
A9: 05.0004 | B9: CAIXA DE ISOPOR (8,5L) | C9: unidade | D9: 1 | E9: =VLOOKUP(A9,'custo unitário INSUMOS'!A:J,11,0)*D9 -> #REF!
A10: 04.0018 | B10: GELOX | C10: unidade | D10: 1 | E10: =VLOOKUP(A10,'custo unitário INSUMOS'!A:J,11,0)*D10 -> #REF!
A11: 05.0083 | B11: FOLHA PE LISA 30X40 | C11: unidades | D11: 3 | E11: =VLOOKUP(A11,'custo unitário INSUMOS'!A:J,11,0)*D11 -> #REF!
A12: 05.0086 | B12: RIBBON | C12: metros | D12: =17/100 -> 0.17 | E12: =VLOOKUP(A12,'custo unitário INSUMOS'!A:J,11,0)*D12 -> #REF!
A13: 05.0087 | B13: FITA ADESIVA | C13: metros | D13: 1.35 | E13: =VLOOKUP(A13,'custo unitário INSUMOS'!A:J,11,0)*D13 -> #REF!
A14: 05.0048 | B14: ETIQUETA VERMELHA - GG | C14: unidade | D14: 1 | E14: =VLOOKUP(A14,'custo unitário INSUMOS'!A:J,11,0)*D14 -> #REF!
A15: 05.0088 | B15: ABSORVENTE PRETO | C15: unidade | D15: 1 | E15: =VLOOKUP(A15,'custo unitário INSUMOS'!A:J,11,0)*D15 -> #REF!
A16: OU
A17: 05.0092 | B17: ABSORVENTE BRANCO | C17: unidade | D17: 2 | E17: =VLOOKUP(A17,'custo unitário INSUMOS'!A:J,11,0)*D17 -> #REF!
C19: c/ ABS PRETO | D19: Custo | E19: =SUM(E8:E15) -> #REF! | F19: =+E19/D7 -> #REF!
C20: c/ ABS BRANCO | D20: Custo | E20: =SUM(E8:E14,E17) -> #REF! | F20: =+E20/D7 -> #REF!
E21: PA | F21: KG
A23: 02.0030 | B23: FILE DE TILAPIA RESFR. 100 UP MRN - VACUO 1KG
A24: DERIVAÇÃO EMB001 | B24: SACO À VÁCUO 1KG | C24: PA - 1KG | D24: 1
A25: FLR001 | B25: FILÉ SEM PELE IN NATURA | C25: KG - RENDIMENTO | D25: =+D8 -> 0.33 | E25: =VLOOKUP(A25,'custo unitário INSUMOS'!A:J,11,0)*D24 -> #REF!
A26: 05.0086 | B26: RIBBON | C26: metros | D26: =17/100 -> 0.17 | E26: =VLOOKUP(A26,'custo unitário INSUMOS'!A:J,11,0)*D26 -> #REF!
A27: 05.0048 | B27: ETIQUETA (unidades) | C27: unidade | D27: 1 | E27: =VLOOKUP(A27,'custo unitário INSUMOS'!A:J,11,0)*D27 -> #REF!
A28: 05.0020 | B28: SACO PLASTICO 1KG - UNICA | C28: unidade | D28: 1 | E28: =VLOOKUP(A28,'custo unitário INSUMOS'!A:J,11,0)*D28 -> #REF!
D30: Custo | E30: =SUM(E25:E28) -> #REF! | F30: =+E30/D24 -> #REF!
E31: PA | F31: KG
A32: sem faturamento em 2023
A33: DERIVAÇÃO EMB009 | B33: CAIXA DE PAPELÃO 15KG - RESFRIADO | C33: PA - 15KG | D33: 15
A34: FLR001 | B34: FILÉ SEM PELE IN NATURA | C34: KG - RENDIMENTO | D34: =+D8 -> 0.33 | E34: =VLOOKUP(A34,'custo unitário INSUMOS'!A:J,11,0)*D33 -> #REF!
A35: 05.0080 | B35: CAIXA DE PAPELÃO 330X430X330mm | C35: unidade | D35: 1 | E35: =VLOOKUP(A35,'custo unitário INSUMOS'!A:J,11,0)*D35 -> #REF!
A36: 05.0059 | B36: SACO QUALY NP 350 X 450 X 120P | C36: unidade | D36: 3 | E36: =VLOOKUP(A36,'custo unitário INSUMOS'!A:J,11,0)*D36 -> #REF!
A37: 05.0086 | B37: RIBBON | C37: metros | D37: =(17/100)*D39 -> 0.68 | E37: =VLOOKUP(A37,'custo unitário INSUMOS'!A:J,11,0)*D37 -> #REF!
A38: 05.0089 | B38: FITA DE ARQUEAR | C38: metros | D38: 2.68 | E38: =VLOOKUP(A38,'custo unitário INSUMOS'!A:J,11,0)*D38 -> #REF!
A39: 05.0048 | B39: ETIQUETA (unidades) | C39: unidade | D39: 4 | E39: =VLOOKUP(A39,'custo unitário INSUMOS'!A:J,11,0)*D39 -> #REF!
D41: Custo | E41: =SUM(E34:E39) -> #REF! | F41: =+E41/D33 -> #REF!
E42: PA | F42: KG
A43: sem faturamento em 2023
A44: DERIVAÇÃO EMB011 | B44: CAIXA DE PAPELÃO 30KG | C44: PA | D44: 30
A45: FLR001 | B45: FILÉ SEM PELE IN NATURA | C45: KG - RENDIMENTO | D45: =+D8 -> 0.33 | E45: =VLOOKUP(A45,'custo unitário INSUMOS'!A:J,11,0)*D44 -> #REF!
A46: 05.0080 | B46: CAIXA DE PAPELÃO 330X430X330mm | C46: unidade | D46: 1 | E46: =VLOOKUP(A46,'custo unitário INSUMOS'!A:J,11,0)*D46 -> #REF!
A47: 05.0059 | B47: SACO QUALY NP 350 X 450 X 120P | C47: unidade | D47: 6 | E47: =VLOOKUP(A47,'custo unitário INSUMOS'!A:J,11,0)*D47 -> #REF!
A48: 05.0086 | B48: RIBBON | C48: metros | D48: =(17/100)*D50 -> 1.19 | E48: =VLOOKUP(A48,'custo unitário INSUMOS'!A:J,11,0)*D48 -> #REF!
A49: 05.0089 | B49: FITA DE ARQUEAR | C49: metros | D49: 2.68 | E49: =VLOOKUP(A49,'custo unitário INSUMOS'!A:J,11,0)*D49 -> #REF!
A50: 05.0048 | B50: ETIQUETA (unidades) | C50: unidade | D50: 7 | E50: =VLOOKUP(A50,'custo unitário INSUMOS'!A:J,11,0)*D50 -> #REF!
D52: Custo | E52: =SUM(E45:E50) -> #REF! | F52: =+E52/D44 -> #REF!
E53: PA | F53: KG
A55: CONGELADOS PARA TERCEIROS
A56: 01.0017 | B56: FILE DE TILAPIA CONG. QUALYFISH 400G
A57: 01.0017 | B57: CAIXA DE PAPELÃO 10KG (QUALYFISH 400g) | C57: PA | D57: 10
A58: FLR001 | B58: PEIXE VIVO (conf rendimento) | C58: KG - RENDIMENTO | D58: =+D8 -> 0.33
A59: 05.0080 | B59: CAIXA DE PAPELÃO 330X430X330mm | C59: unidade | D59: 1 | E59: 6.005
A60: 05.0033 | B60: SACO QUALYFISH 400g | C60: unidade | D60: 25
A61: 05.0086 | B61: RIBBON | C61: metros | D61: =17/100 -> 0.17 | E61: 0.0272
A62: 05.0089 | B62: FITA DE ARQUEAR | C62: metros | D62: 2.68 | E62: 0.28586667
B63: ETIQUETA (unidades) | C63: unidade | D63: 1 | E63: =(0.086*D63) -> 0.086
D65: Custo por Kg
A67: 01.0018 | B67: FILE DE TILAPIA CONG. QUALYFISH 800G
A68: 01.0018 | B68: CAIXA DE PAPELÃO 9,6KG (QUALYFISH 800g) | C68: PA | D68: 9.6
A69: FLR001 | B69: PEIXE VIVO (conf rendimento) | C69: KG - RENDIMENTO | D69: =+D8 -> 0.33
A70: 05.0080 | B70: CAIXA DE PAPELÃO 330X430X330mm | C70: unidade | D70: 1 | E70: 6.005
A71: 05.0034 | B71: SACO QUALYFISH 800g | C71: unidade | D71: 12
A72: 05.0086 | B72: RIBBON | C72: metros | D72: =17/100 -> 0.17 | E72: 0.0272
A73: 05.0089 | B73: FITA DE ARQUEAR | C73: metros | D73: 2.68 | E73: 0.28586667
B74: ETIQUETA (unidades) | C74: unidade | D74: 1 | E74: =(0.086*D74) -> 0.086
D76: Custo por Kg
A78: 01.0016 | B78: FILE DE TILAPIA CONG. GOODFISH 500G
A79: 01.0016 | B79: CAIXA DE PAPELÃO 10KG (GOODFISH 500g) | C79: PA | D79: 10
A80: FLR001 | B80: PEIXE VIVO (conf rendimento) | C80: KG - RENDIMENTO | D80: =+D8 -> 0.33
A81: 05.0080 | B81: CAIXA DE PAPELÃO 330X430X330mm | C81: unidade | D81: 1 | E81: 6.005
A82: 05.0032 | B82: SACO GOODFISH 500g | C82: unidade | D82: 20
A83: 05.0086 | B83: RIBBON | C83: metros | D83: =17/100 -> 0.17 | E83: 0.0272
A84: 05.0089 | B84: FITA DE ARQUEAR | C84: metros | D84: 2.68 | E84: 0.28586667
B85: ETIQUETA (unidades) | C85: unidade | D85: 1 | E85: =(0.086*D85) -> 0.086
D87: Custo por Kg
A89: CONGELADOS FOODS
A91: DERIVAÇÃO EMB009 | B91: CAIXA DE PAPELÃO 15KG - SEM PELE | C91: PA | D91: 15
A92: FLR001 | B92: FILÉ SEM PELE CONGELADO | C92: KG - RENDIMENTO | D92: =+D8 -> 0.33 | E92: =VLOOKUP(A92,'custo unitário INSUMOS'!A:J,11,0)*D91 -> #REF!
A93: 05.0080 | B93: CAIXA DE PAPELÃO 330X430X330mm | C93: unidade | D93: 1 | E93: =VLOOKUP(A93,'custo unitário INSUMOS'!A:J,11,0)*D93 -> #REF!
A94: 05.0073 | B94: SACO PARA CONGELADOS | C94: unidade | D94: 3 | E94: =VLOOKUP(A94,'custo unitário INSUMOS'!A:J,11,0)*D94 -> #REF!
A95: 05.0086 | B95: RIBBON | C95: metros | D95: =(17/100)*D97 -> 0.68 | E95: =VLOOKUP(A95,'custo unitário INSUMOS'!A:J,11,0)*D95 -> #REF!
A96: 05.0089 | B96: FITA DE ARQUEAR | C96: metros | D96: 2.68 | E96: =VLOOKUP(A96,'custo unitário INSUMOS'!A:J,11,0)*D96 -> #REF!
A97: 05.0048 | B97: ETIQUETA (unidades) | C97: unidade | D97: 4 | E97: =VLOOKUP(A97,'custo unitário INSUMOS'!A:J,11,0)*D97 -> #REF!
D99: Custo | E99: =SUM(E92:E97) -> #REF! | F99: =+E99/D91 -> #REF!
E100: PA | F100: KG
A102: DERIVAÇÃO EMB009 | B102: CAIXA DE PAPELÃO 15KG - COM PELE | C102: PA | D102: 15
A103: FLR001 | B103: FILÉ SEM PELE CONGELADO | C103: KG - RENDIMENTO | D103: =+D92 -> 0.33 | E103: =VLOOKUP(A103,'custo unitário INSUMOS'!A:J,11,0)*D102 -> #REF!
A104: 05.0080 | B104: CAIXA DE PAPELÃO 330X430X330mm | C104: unidade | D104: 1 | E104: =VLOOKUP(A104,'custo unitário INSUMOS'!A:J,11,0)*D104 -> #REF!
A105: 05.0073 | B105: SACO PARA CONGELADOS | C105: unidade | D105: 3 | E105: =VLOOKUP(A105,'custo unitário INSUMOS'!A:J,11,0)*D105 -> #REF!
A106: 05.0086 | B106: RIBBON | C106: metros | D106: =(17/100)*D108 -> 0.68 | E106: =VLOOKUP(A106,'custo unitário INSUMOS'!A:J,11,0)*D106 -> #REF!
A107: 05.0089 | B107: FITA DE ARQUEAR | C107: metros | D107: 2.68 | E107: =VLOOKUP(A107,'custo unitário INSUMOS'!A:J,11,0)*D107 -> #REF!
A108: 05.0048 | B108: ETIQUETA (unidades) | C108: unidade | D108: 4 | E108: =VLOOKUP(A108,'custo unitário INSUMOS'!A:J,11,0)*D108 -> #REF!
D110: Custo | E110: =SUM(E103:E108) -> #REF! | F110: =+E110/D102 -> #REF!
E111: PA | F111: KG
A113: OUTROS PRODUTOS FOODS
A115: 01.0014 | B115: ISCAS DE PEIXE CONGELADAS CX 15KG | C115: PA | D115: 15
A116: FLR001 | B116: PEIXE VIVO (conf rendimento) | C116: KG - RENDIMENTO | D116: 0.44 | E116: =VLOOKUP(A116,'custo unitário INSUMOS'!A:J,11,0)*D115 -> #REF!
A117: 05.0080 | B117: CAIXA DE PAPELÃO 330X430X330mm | C117: unidade | D117: 1 | E117: =VLOOKUP(A117,'custo unitário INSUMOS'!A:J,11,0)*D117 -> #REF!
A118: 05.0073 | B118: SACO PARA CONGELADOS | C118: unidade | D118: 3 | E118: =VLOOKUP(A118,'custo unitário INSUMOS'!A:J,11,0)*D118 -> #REF!
A119: 05.0086 | B119: RIBBON | C119: metros | D119: =(17/100)*D121 -> 0.68 | E119: =VLOOKUP(A119,'custo unitário INSUMOS'!A:J,11,0)*D119 -> #REF!
A120: 05.0089 | B120: FITA DE ARQUEAR | C120: metros | D120: 2.68 | E120: =VLOOKUP(A120,'custo unitário INSUMOS'!A:J,11,0)*D120 -> #REF!
...
