Workbook
Name CC_originacao: #REF!,#REF!,#REF!,#REF!,#REF!
Name CC_PAC: #REF!,#REF!,#REF!,#REF!,#REF!
Name TAB_EMP: #REF!

Sheet custo unitário INSUMOS
A1: CÓDIGOS ANTIGO | B1: CÓDIGOS | C1: INSUMOS NAS ESTRUTURAS | D1: unidade de compra | E1: vlr unitário | F1: data entrada | G1: NF | H1: Fornecedor | J1: unidade de estoque | K1: vlr unit pela unidade de estoque | L1: vlr unit pela unidade de estoque SEM TRIBUTOS | O1: pis, cofins, icms | P1: pis, cofins
B2: 05.0004 | C2: CAIXA DE ISOPOR (8,5L) | D2: UN | E2: 5.1 | F2: 45462 | G2: 108243 | H2: 12152 | J2: UN | K2: 5.1 | L2: =+K2*$P$4 -> 4.62825 | O2: =1.65+7.6+7 -> 16.25 | P2: =1.65+7.6 -> 9.25
B3: 05.0020 | C3: SACO PLASTICO 1KG - UNICA | D3: MI | E3: 0.073 | F3: 44944 | G3: 1266 | H3: 11312 | J3: UN | K3: 0.073 | L3: =+K3*$P$4 -> 0.0662475 | O3: =100-O2 -> 83.75 | P3: =100-P2 -> 90.75
B4: 05.0032 | C4: SACO GOODFISH 500g | D4: sem entrada com nota fiscal | E4: - | F4: - | G4: - | J4: - | L4: =+K4*$P$4 -> 0 | O4: =+O3/100 -> 0.8375 | P4: =+P3/100 -> 0.9075
B5: 05.0033 | C5: SACO QUALYFISH 400g | D5: sem entrada com nota fiscal | E5: - | F5: - | G5: - | J5: - | L5: =+K5*$P$4 -> 0
B6: 05.0034 | C6: SACO QUALYFISH 800g | D6: sem entrada com nota fiscal | E6: - | F6: - | G6: - | J6: - | L6: =+K6*$P$4 -> 0
B7: 05.0046 | C7: ETQ AZUL | D7: MI | E7: 0.086 | F7: 45379 | G7: 14660 | H7: 10112 | J7: UN | K7: 0.086 | L7: =+K7*$P$4 -> 0.078045
B8: 05.0047 | C8: ETQ VERDE | D8: MI | E8: 0.086 | F8: 45379 | G8: 14660 | H8: 10112 | J8: UN | K8: 0.086 | L8: =+K8*$P$4 -> 0.078045
B9: 05.0048 | C9: ETIQUETA VERMELHA - GG | D9: MI | E9: 0.086 | F9: 45379 | G9: 14660 | H9: 10112 | J9: UN | K9: 0.086 | L9: =+K9*$P$4 -> 0.078045
B10: 05.0049 | C10: ETQ BRANCA | D10: sem entrada com nota fiscal | E10: - | F10: - | G10: - | J10: UN | K10: 0.086 | L10: =+K10*$P$4 -> 0.078045
B11: 05.0073 | C11: SACO PARA CONGELADOS | D11: MI | E11: 0.096 | F11: 45351 | G11: 1846 | H11: 11312 | J11: UN | K11: 0.096 | L11: =+K11*$P$4 -> 0.08712
B12: 05.0080 | C12: CAIXA DE PAPELÃO 330X430X330mm | D12: UN - MI | E12: 6,31 e 5,70 | F12: 45379 | G12: 7275 - 63951 | H12: 13701 - 13433 | J12: UN | K12: 6.2 | L12: =+K12*$P$4 -> 5.6265
B13: 05.0083 | C13: FOLHA PE LISA 30X40 | D13: MI | E13: 0.109 | F13: 45443 | G13: 67524 | H13: 10825 | J13: UN | K13: 0.06 | L13: =+K13*$P$4 -> 0.05445
A14: 05.0078 | B14: 05.0086 | C14: RIBBON | D14: RL | E14: =48/300 -> 0.16 | F14: 45350 | G14: 22152 | H14: 14498 | I14: Conversão baseada cada rolo com 300 mt (110mm X 300mt) | J14: M | K14: =0.032 -> 0.032 | L14: =+K14*$P$4 -> 0.02904
A15: 05.0061 | B15: 05.0087 | C15: FITA ADESIVA | D15: RL | E15: =5.6/100 -> 0.056 | F15: 45453 | G15: 7765 | H15: 11427 | I15: Conversão baseada cada rolo com 100 mt (FITA ADESIVA HM 45MM X 100M) | J15: M | K15: =5.6/100 -> 0.056 | L15: =+K15*$P$4 -> 0.05082
A16: 05.0015 | B16: 05.0088 | C16: ABSORVENTE PRETO | D16: CX | E16: 0.096 | F16: 45379 | G16: 8617 | H16: 10212 | I16: Conversão baseada cada cx 2000 unidades | J16: UN | K16: 0.096 | L16: =+K16*$P$4 -> 0.08712
B17: 05.0092 | C17: ABSORVENTE BRANCO | D17: CX | E17: 0.064 | F17: 45264 | G17: 8156 | H17: 10212 | I17: Conversão baseada cada cx 3000 unidades | J17: UN | K17: 0.064 | L17: =+K17*$P$4 -> 0.05808
A18: 05.0075 | B18: 05.0089 | C18: FITA DE ARQUEAR | D18: RL | E18: =320/3000 -> 0.10666667 | F18: 45350 | G18: 128237 | H18: 11413 | I18: Conversão baseada cada rolo com 3000 mt (FITA SOLDA 10X0,65 MM 3000 BRANCA) | J18: M | K18: =320/3000 -> 0.10666667 | L18: =+K18*$P$4 -> 0.0968
A19: 05.0050 | B19: 05.0090 | C19: SACO 500X800X0,16 AZUL | D19: MI | E19: 1.233 | F19: 44812 | G19: 14904 | H19: 12851 | J19: UN | K19: 1.233 | L19: =+K19*$P$4 -> 1.1189475
A20: 06.1131 | B20: 05.0091 | C20: SACO RAFIA | D20: SC | E20: 1.45 | F20: 45240 | G20: 286 | H20: 13057 | J20: UN | K20: 1.45 | L20: =+K20*$P$4 -> 1.315875
B21: 05.0059 | C21: SACO QUALY NP 350X450X120P | D21: MI | E21: =10584/10000 -> 1.0584 | F21: 45381 | G21: 1363 | H21: 11312 | J21: UN | K21: =10584/10000 -> 1.0584 | L21: =+K21*$P$4 -> 0.960498
B23: 04.0018 | C23: GELOX | D23: UNIDADE | K23: =SUM(K24:K25) -> 0.5532408 | L23: =+K23*$P$4 -> 0.50206603
A24: 05.0019 | B24: 05.0093 | C24: PO QUIMICO GEL PACK - UNICA | D24: KG | E24: =13.0208/1000 -> 0.0130208 | F24: 45412 | G24: 15158 | H24: 12519 | J24: GR | K24: =13.0208/1000 -> 0.0130208 | L24: =+K24*$P$4 -> 0.011816376
B25: 05.0017 | C25: SACO GEL PACK - UNICA | D25: MI | E25: =540.22/1000 -> 0.54022 | F25: 45462 | G25: 2054 | H25: 11312 | J25: UN | K25: =540.22/1000 -> 0.54022 | L25: =+K25*$P$4 -> 0.49024965
B27: 05.0027 | C27: PEIXE VIVO | D27: KG | E27: 1 | J27: 1 KG DE PEIXE | K27: 7.79 | L27: =+K27*$P$4 -> 7.069425
B28: FLR001 | C28: FILE SEM PELE IN NATURA | D28: RENDIMENTO/KG | E28: =+'estruturas MODELOS'!D8 -> 0.33 | J28: 1 KG DE FILÉ | K28: =(E27/E28)*K27 -> 23.606061 | L28: =+K28*$P$4 -> 21.4225
B29: 04.0015 | C29: RESÍDUO | D29: RENDIMENTO/KG | E29: =+E27-E28 -> 0.67 | J29: 1 KG DE RESÍDUO | K29: =(E27/E29)*K27 -> 11.626866 | L29: =+K29*$P$4 -> 10.551381
B30: EVISCERADA | C30: EVICESRADA | D30: RENDIMENTO/KG | E30: 0.95 | J30: 1 KG DE PEIXE | K30: =(E27/E30)*K27 -> 8.2 | L30: =+K30*$P$4 -> 7.4415

Sheet estruturas MODELOS
B1: BASE ATUALIZADA EM: | C1: 45471
A3: Código | B3: Derivação | C3: Unid | D3: Qtde | E3: Custo por PA | F3: Custo por KG
A5: RESFRIADOS
B6: DIVERSOS
A7: DERIVACAO EMB005 | B7: CAIXA DE ISOPOR 5kg | C7: PA - 5KG | D7: 5
A8: FLR001 | B8: FILÉ SEM PELE IN NATURA | C8: KG - RENDIMENTO | D8: 0.33 | E8: =VLOOKUP(A8,'custo unitário INSUMOS'!B:L,11,0)*D7 -> 107.1125
A9: 05.0004 | B9: CAIXA DE ISOPOR (8,5L) | C9: unidade | D9: 1 | E9: =VLOOKUP(A9,'custo unitário INSUMOS'!B:L,11,0)*D9 -> 4.62825
A10: 04.0018 | B10: GELOX | C10: unidade | D10: 1 | E10: =VLOOKUP(A10,'custo unitário INSUMOS'!B:L,11,0)*D10 -> 0.50206603
A11: 05.0083 | B11: FOLHA PE LISA 30X40 | C11: unidades | D11: 3 | E11: =VLOOKUP(A11,'custo unitário INSUMOS'!B:L,11,0)*D11 -> 0.16335
A12: 05.0086 | B12: RIBBON | C12: metros | D12: =17/100 -> 0.17 | E12: =VLOOKUP(A12,'custo unitário INSUMOS'!B:L,11,0)*D12 -> 0.0049368
A13: 05.0087 | B13: FITA ADESIVA | C13: metros | D13: 1.35 | E13: =VLOOKUP(A13,'custo unitário INSUMOS'!B:L,11,0)*D13 -> 0.068607
A14: 05.0048 | B14: ETIQUETA VERMELHA - GG | C14: unidade | D14: 1 | E14: =VLOOKUP(A14,'custo unitário INSUMOS'!B:L,11,0)*D14 -> 0.078045
A15: 05.0088 | B15: ABSORVENTE PRETO | C15: unidade | D15: 1 | E15: =VLOOKUP(A15,'custo unitário INSUMOS'!B:L,11,0)*D15 -> 0.08712
A16: OU
A17: 05.0092 | B17: ABSORVENTE BRANCO | C17: unidade | D17: 2 | E17: =VLOOKUP(A17,'custo unitário INSUMOS'!B:L,11,0)*D17 -> 0.11616
C19: c/ ABS PRETO | D19: Custo | E19: =SUM(E8:E15) -> 112.64487 | F19: =+E19/D7 -> 22.528975
C20: c/ ABS BRANCO | D20: Custo | E20: =SUM(E8:E14,E17) -> 112.67391 | F20: =+E20/D7 -> 22.534783
E21: PA | F21: KG
A23: 02.0030 | B23: FILE DE TILAPIA RESFR. 100 UP MRN - VACUO 1KG
A24: DERIVAÇÃO EMB001 | B24: SACO À VÁCUO 1KG | C24: PA - 1KG | D24: 1
A25: FLR001 | B25: FILÉ SEM PELE IN NATURA | C25: KG - RENDIMENTO | D25: =+D8 -> 0.33 | E25: =VLOOKUP(A25,'custo unitário INSUMOS'!B:L,11,0)*D24 -> 21.4225
A26: 05.0086 | B26: RIBBON | C26: metros | D26: =17/100 -> 0.17 | E26: =VLOOKUP(A26,'custo unitário INSUMOS'!B:L,11,0)*D26 -> 0.0049368
A27: 05.0048 | B27: ETIQUETA (unidades) | C27: unidade | D27: 1 | E27: =VLOOKUP(A27,'custo unitário INSUMOS'!B:L,11,0)*D27 -> 0.078045
A28: 05.0020 | B28: SACO PLASTICO 1KG - UNICA | C28: unidade | D28: 1 | E28: =VLOOKUP(A28,'custo unitário INSUMOS'!B:L,11,0)*D28 -> 0.0662475
D30: Custo | E30: =SUM(E25:E28) -> 21.571729 | F30: =+E30/D24 -> 21.571729
E31: PA | F31: KG
A32: sem faturamento em 2023
A33: DERIVAÇÃO EMB009 | B33: CAIXA DE PAPELÃO 15KG - RESFRIADO | C33: PA - 15KG | D33: 15
A34: FLR001 | B34: FILÉ SEM PELE IN NATURA | C34: KG - RENDIMENTO | D34: =+D8 -> 0.33 | E34: =VLOOKUP(A34,'custo unitário INSUMOS'!B:L,11,0)*D33 -> 321.3375
A35: 05.0080 | B35: CAIXA DE PAPELÃO 330X430X330mm | C35: unidade | D35: 1 | E35: =VLOOKUP(A35,'custo unitário INSUMOS'!B:L,11,0)*D35 -> 5.6265
A36: 05.0059 | B36: SACO QUALY NP 350 X 450 X 120P | C36: unidade | D36: 3 | E36: =VLOOKUP(A36,'custo unitário INSUMOS'!B:L,11,0)*D36 -> 2.881494
A37: 05.0086 | B37: RIBBON | C37: metros | D37: =(17/100)*D39 -> 0.68 | E37: =VLOOKUP(A37,'custo unitário INSUMOS'!B:L,11,0)*D37 -> 0.0197472
A38: 05.0089 | B38: FITA DE ARQUEAR | C38: metros | D38: 2.68 | E38: =VLOOKUP(A38,'custo unitário INSUMOS'!B:L,11,0)*D38 -> 0.259424
A39: 05.0048 | B39: ETIQUETA (unidades) | C39: unidade | D39: 4 | E39: =VLOOKUP(A39,'custo unitário INSUMOS'!B:L,11,0)*D39 -> 0.31218
D41: Custo | E41: =SUM(E34:E39) -> 330.43685 | F41: =+E41/D33 -> 22.029123
E42: PA | F42: KG
A43: sem faturamento em 2023
A44: DERIVAÇÃO EMB011 | B44: CAIXA DE PAPELÃO 30KG | C44: PA | D44: 30
A45: FLR001 | B45: FILÉ SEM PELE IN NATURA | C45: KG - RENDIMENTO | D45: =+D8 -> 0.33 | E45: =VLOOKUP(A45,'custo unitário INSUMOS'!B:L,11,0)*D44 -> 642.675
A46: 05.0080 | B46: CAIXA DE PAPELÃO 330X430X330mm | C46: unidade | D46: 1 | E46: =VLOOKUP(A46,'custo unitário INSUMOS'!B:L,11,0)*D46 -> 5.6265
A47: 05.0059 | B47: SACO QUALY NP 350 X 450 X 120P | C47: unidade | D47: 6 | E47: =VLOOKUP(A47,'custo unitário INSUMOS'!B:L,11,0)*D47 -> 5.762988
A48: 05.0086 | B48: RIBBON | C48: metros | D48: =(17/100)*D50 -> 1.19 | E48: =VLOOKUP(A48,'custo unitário INSUMOS'!B:L,11,0)*D48 -> 0.0345576
A49: 05.0089 | B49: FITA DE ARQUEAR | C49: metros | D49: 2.68 | E49: =VLOOKUP(A49,'custo unitário INSUMOS'!B:L,11,0)*D49 -> 0.259424
A50: 05.0048 | B50: ETIQUETA (unidades) | C50: unidade | D50: 7 | E50: =VLOOKUP(A50,'custo unitário INSUMOS'!B:L,11,0)*D50 -> 0.546315
D52: Custo | E52: =SUM(E45:E50) -> 654.90478 | F52: =+E52/D44 -> 21.830159
E53: PA | F53: KG
A55: CONGELADOS PARA TERCEIROS
A56: 01.0017 | B56: FILE DE TILAPIA CONG. QUALYFISH 400G
A57: 01.0017 | B57: CAIXA DE PAPELÃO 10KG (QUALYFISH 400g) | C57: PA | D57: 10
A58: FLR001 | B58: PEIXE VIVO (conf rendimento) | C58: KG - RENDIMENTO | D58: =+D8 -> 0.33
A59: 05.0080 | B59: CAIXA DE PAPELÃO 330X430X330mm | C59: unidade | D59: 1 | E59: 6.005
A60: 05.0033 | B60: SACO QUALYFISH 400g | C60: unidade | D60: 25
A61: 05.0086 | B61: RIBBON | C61: metros | D61: =17/100 -> 0.17 | E61: 0.0272
A62: 05.0089 | B62: FITA DE ARQUEAR | C62: metros | D62: 2.68 | E62: 0.28586667
B63: ETIQUETA (unidades) | C63: unidade | D63: 1 | E63: =(0.086*D63) -> 0.086
D65: Custo por Kg
A67: 01.0018 | B67: FILE DE TILAPIA CONG. QUALYFISH 800G
A68: 01.0018 | B68: CAIXA DE PAPELÃO 9,6KG (QUALYFISH 800g) | C68: PA | D68: 9.6
A69: FLR001 | B69: PEIXE VIVO (conf rendimento) | C69: KG - RENDIMENTO | D69: =+D8 -> 0.33
A70: 05.0080 | B70: CAIXA DE PAPELÃO 330X430X330mm | C70: unidade | D70: 1 | E70: 6.005
A71: 05.0034 | B71: SACO QUALYFISH 800g | C71: unidade | D71: 12
A72: 05.0086 | B72: RIBBON | C72: metros | D72: =17/100 -> 0.17 | E72: 0.0272
A73: 05.0089 | B73: FITA DE ARQUEAR | C73: metros | D73: 2.68 | E73: 0.28586667
B74: ETIQUETA (unidades) | C74: unidade | D74: 1 | E74: =(0.086*D74) -> 0.086
D76: Custo por Kg
A78: 01.0016 | B78: FILE DE TILAPIA CONG. GOODFISH 500G
A79: 01.0016 | B79: CAIXA DE PAPELÃO 10KG (GOODFISH 500g) | C79: PA | D79: 10
A80: FLR001 | B80: PEIXE VIVO (conf rendimento) | C80: KG - RENDIMENTO | D80: =+D8 -> 0.33
A81: 05.0080 | B81: CAIXA DE PAPELÃO 330X430X330mm | C81: unidade | D81: 1 | E81: 6.005
A82: 05.0032 | B82: SACO GOODFISH 500g | C82: unidade | D82: 20
A83: 05.0086 | B83: RIBBON | C83: metros | D83: =17/100 -> 0.17 | E83: 0.0272
A84: 05.0089 | B84: FITA DE ARQUEAR | C84: metros | D84: 2.68 | E84: 0.28586667
B85: ETIQUETA (unidades) | C85: unidade | D85: 1 | E85: =(0.086*D85) -> 0.086
D87: Custo por Kg
A89: CONGELADOS FOODS
A91: DERIVAÇÃO EMB009 | B91: CAIXA DE PAPELÃO 15KG - SEM PELE | C91: PA | D91: 15
A92: FLR001 | B92: FILÉ SEM PELE CONGELADO | C92: KG - RENDIMENTO | D92: =+D8 -> 0.33 | E92: =VLOOKUP(A92,'custo unitário INSUMOS'!B:L,11,0)*D91 -> 321.3375
A93: 05.0080 | B93: CAIXA DE PAPELÃO 330X430X330mm | C93: unidade | D93: 1 | E93: =VLOOKUP(A93,'custo unitário INSUMOS'!B:L,11,0)*D93 -> 5.6265
A94: 05.0073 | B94: SACO PARA CONGELADOS | C94: unidade | D94: 3 | E94: =VLOOKUP(A94,'custo unitário INSUMOS'!B:L,11,0)*D94 -> 0.26136
A95: 05.0086 | B95: RIBBON | C95: metros | D95: =(17/100)*D97 -> 0.68 | E95: =VLOOKUP(A95,'custo unitário INSUMOS'!B:L,11,0)*D95 -> 0.0197472
A96: 05.0089 | B96: FITA DE ARQUEAR | C96: metros | D96: 2.68 | E96: =VLOOKUP(A96,'custo unitário INSUMOS'!B:L,11,0)*D96 -> 0.259424
A97: 05.0048 | B97: ETIQUETA (unidades) | C97: unidade | D97: 4 | E97: =VLOOKUP(A97,'custo unitário INSUMOS'!B:L,11,0)*D97 -> 0.31218
D99: Custo | E99: =SUM(E92:E97) -> 327.81671 | F99: =+E99/D91 -> 21.854447
E100: PA | F100: KG
A102: DERIVAÇÃO EMB009 | B102: CAIXA DE PAPELÃO 15KG - COM PELE | C102: PA | D102: 15
A103: FLR001 | B103: FILÉ SEM PELE CONGELADO | C103: KG - RENDIMENTO | D103: =+D92 -> 0.33 | E103: =VLOOKUP(A103,'custo unitário INSUMOS'!B:L,11,0)*D102 -> 321.3375
A104: 05.0080 | B104: CAIXA DE PAPELÃO 330X430X330mm | C104: unidade | D104: 1 | E104: =VLOOKUP(A104,'custo unitário INSUMOS'!B:L,11,0)*D104 -> 5.6265
A105: 05.0073 | B105: SACO PARA CONGELADOS | C105: unidade | D105: 3 | E105: =VLOOKUP(A105,'custo unitário INSUMOS'!B:L,11,0)*D105 -> 0.26136
A106: 05.0086 | B106: RIBBON | C106: metros | D106: =(17/100)*D108 -> 0.68 | E106: =VLOOKUP(A106,'custo unitário INSUMOS'!B:L,11,0)*D106 -> 0.0197472
A107: 05.0089 | B107: FITA DE ARQUEAR | C107: metros | D107: 2.68 | E107: =VLOOKUP(A107,'custo unitário INSUMOS'!B:L,11,0)*D107 -> 0.259424
A108: 05.0048 | B108: ETIQUETA (unidades) | C108: unidade | D108: 4 | E108: =VLOOKUP(A108,'custo unitário INSUMOS'!B:L,11,0)*D108 -> 0.31218
D110: Custo | E110: =SUM(E103:E108) -> 327.81671 | F110: =+E110/D102 -> 21.854447
E111: PA | F111: KG
A113: OUTROS PRODUTOS FOODS
A115: 01.0014 | B115: ISCAS DE PEIXE CONGELADAS CX 15KG | C115: PA | D115: 15
A116: FLR001 | B116: PEIXE VIVO (conf rendimento) | C116: KG - RENDIMENTO | D116: 0.44 | E116: =VLOOKUP(A116,'custo unitário INSUMOS'!B:L,11,0)*D115 -> 321.3375
A117: 05.0080 | B117: CAIXA DE PAPELÃO 330X430X330mm | C117: unidade | D117: 1 | E117: =VLOOKUP(A117,'custo unitário INSUMOS'!B:L,11,0)*D117 -> 5.6265
A118: 05.0073 | B118: SACO PARA CONGELADOS | C118: unidade | D118: 3 | E118: =VLOOKUP(A118,'custo unitário INSUMOS'!B:L,11,0)*D118 -> 0.26136
A119: 05.0086 | B119: RIBBON | C119: metros | D119: =(17/100)*D121 -> 0.68 | E119: =VLOOKUP(A119,'custo unitário INSUMOS'!B:L,11,0)*D119 -> 0.0197472
A120: 05.0089 | B120: FITA DE ARQUEAR | C120: metros | D120: 2.68 | E120: =VLOOKUP(A120,'custo unitário INSUMOS'!B:L,11,0)*D120 -> 0.259424
...

Sheet CUSTO 2024
C1: VENDAS | D1: 45292 | E1: 45323 | F1: 45352 | G1: 45383 | H1: 45413 | I1: 45444 | J1: 45474 | K1: 45505 | L1: 45536 | M1: 45566 | N1: 45597 | O1: 45627 | P1: TOTAL PESO BRUTO
C2: PAC001 | I2: 8880 | J2: 10000 | K2: 33505.6 | P2: =SUM(D2:O2) -> 52385.6
C3: TILAPIA INTEIRA FRESCA - CAIXA PLASTICA 20KG | I3: 8880 | J3: 10000 | K3: 33505.6 | P3: =SUM(D3:O3) -> 52385.6
C4: PAC002 | D4: 28.68 | E4: 17.1 | F4: 30.209 | G4: 14.395 | H4: 338.395 | I4: 234.437 | J4: 288.591 | K4: 763.467 | P4: =SUM(D4:O4) -> 1715.274
C5: TILAPIA INTEIRA EVISC. C/ ESCAMA FRESCA | H5: 330 | I5: 220 | J5: 270 | K5: 329.3 | P5: =SUM(D5:O5) -> 1149.3
C6: TILAPIA INTEIRA EVISC. S/ ESCAMA FRESCA | D6: 28.68 | E6: 17.1 | F6: 30.209 | G6: 14.395 | H6: 8.395 | I6: 14.437 | J6: 10.97 | K6: 16.3 | P6: =SUM(D6:O6) -> 140.486
C7: TILAPIA INTEIRA EVISC. S/ ESCAMA FRESCA - A VACUO 1KG | D7: 0 | E7: 0 | F7: 0 | G7: 0 | H7: 0 | I7: 0 | J7: 7.621 | P7: =SUM(D7:O7) -> 7.621
C8: TILAPIA EVISCERADA RESFRIADA - PAPELAO 30KG | D8: 0 | E8: 0 | F8: 0 | G8: 0 | H8: 0 | I8: 0 | J8: 0 | K8: 105
C9: TILAPIA EVISCERADA RESFRIADA | D9: 0 | E9: 0 | F9: 0 | G9: 0 | H9: 0 | I9: 0 | J9: 0 | K9: 12.867
C10: TILAPIA EVISCERADA RESFRIADA C/ ESCAMA | D10: 0 | E10: 0 | F10: 0 | G10: 0 | H10: 0 | I10: 0 | J10: 0 | K10: 300
C11: PAC003 | F11: 10 | J11: 4.77 | K11: 82557.76 | P11: =SUM(D11:O11) -> 82572.53
C12: TILAPIA INTEIRA ESPALMADA CONGELADA | F12: 10 | P12: =SUM(D12:O12) -> 10
C13: TILAPIA INTEIRA EVISC. C/ ESCAMA CONG. - VACUO 1KG | D13: 0 | E13: 0 | F13: 0 | G13: 0 | H13: 0 | I13: 0 | J13: 4.77
C14: WHOLE BLACK TILAPIA 350/550 GRAMS - PAPELAO 30KG | D14: 0 | E14: 0 | F14: 0 | G14: 0 | H14: 0 | I14: 0 | J14: 0 | K14: 10569.12
C15: WHOLE BLACK TILAPIA 550/750 GRAMS - PAPELAO 30KG | D15: 0 | E15: 0 | F15: 0 | G15: 0 | H15: 0 | I15: 0 | J15: 0 | K15: 60981.28
C16: WHOLE BLACK TILAPIA 750/950 GRAMS - PAPELAO 30KG | D16: 0 | E16: 0 | F16: 0 | G16: 0 | H16: 0 | I16: 0 | J16: 0 | K16: 9007.36
C17: TILAPIA INTEIRA EVISC. S/ ESCAMA CONG. - PAPELAO 20KG | D17: 0 | E17: 0 | F17: 0 | G17: 0 | H17: 0 | I17: 0 | J17: 0 | K17: 2000
C18: PAC006 | D18: 1866 | E18: 15696 | F18: 16645 | G18: 3190 | H18: 12538 | I18: 44124 | J18: 269408 | K18: 264625 | P18: =SUM(D18:O18) -> 628092
C19: CARCACA FRESCA - A GRANEL - GRANEL | I19: 41440 | J19: 262100 | K19: 246830 | P19: =SUM(D19:O19) -> 550370
C20: FILE DE TILAPIA CONG. 100G UP PRN | E20: 30 | F20: 105 | G20: 900 | H20: 1140 | I20: 1020 | J20: 5895 | K20: 12580 | P20: =SUM(D20:O20) -> 21670
C21: FILE DE TILAPIA CONG. 70G UP PRN - PAPELAO 15KG | D21: 660 | E21: 7740 | F21: 16455 | G21: 2275 | H21: 11370 | I21: 1350 | J21: 1050 | K21: 450 | P21: =SUM(D21:O21) -> 41350
C22: FILE DE TILAPIA CONG. G 130/180G MRN | D22: 10 | E22: 10 | F22: 47 | G22: 15 | H22: 28 | I22: 62 | P22: =SUM(D22:O22) -> 172
C23: FILE DE TILAPIA CONG. G 130/180G MRN - SACO 1KG - VACUO 1KG | I23: 3 | J23: 17 | K23: 31 | P23: =SUM(D23:O23) -> 51
C24: FILE DE TILAPIA CONG. GG 180G UP MRN | F24: 38 | I24: 9 | P24: =SUM(D24:O24) -> 47
C25: FILE DE TILAPIA CONG. QUALYFISH 400G | D25: 620 | E25: 860 | P25: =SUM(D25:O25) -> 1480
C26: FILE DE TILAPIA CONG. QUALYFISH 800G | D26: 576 | E26: 7056 | I26: 240 | J26: 336 | K26: 288 | P26: =SUM(D26:O26) -> 8496
C27: FILE DE TILAPIA CONG. G 130/180G MRN - VACUO 5KG | D27: 0 | E27: 0 | F27: 0 | G27: 0 | H27: 0 | I27: 0 | J27: 10 | K27: 46
C28: FILE DE TILAPIA CONG. 100G PRN - PAPELAO 15KG | D28: 0 | E28: 0 | F28: 0 | G28: 0 | H28: 0 | I28: 0 | J28: 0 | K28: 4400
C29: PAC007 | D29: 150101 | E29: 147736 | F29: 126979 | G29: 101343 | H29: 90651 | I29: 91429 | J29: 114742 | K29: 153043.8 | P29: =SUM(D29:O29) -> 976024.8
C30: FILE DE TILAPIA RESFR. 100 UP MRN | D30: 12755 | E30: 10910 | F30: 6510 | G30: 8745 | H30: 6020 | I30: 3460 | J30: 3220 | K30: 3290 | P30: =SUM(D30:O30) -> 54910
C31: FILE DE TILAPIA RESFR. 100 UP PRN | D31: 86898 | E31: 82170 | F31: 78532 | G31: 52630 | H31: 47270 | I31: 35875 | J31: 37130 | K31: 43130 | P31: =SUM(D31:O31) -> 463635
C32: FILE DE TILAPIA RESFR. 100 UP PRN - A VACUO 1KG | I32: 2 | J32: 1 | K32: 2 | P32: =SUM(D32:O32) -> 5
C33: FILE DE TILAPIA RESFR. 100 UP PRN - CX 30KG | I33: 930 | J33: 2130 | K33: 3150 | P33: =SUM(D33:O33) -> 6210
C34: FILE DE TILAPIA RESFR. 100 UP PRN M&R - ISOPOR 5KG | I34: 3510 | J34: 6005 | K34: 6500 | P34: =SUM(D34:O34) -> 16015
C35: FILE DE TILAPIA RESFR. 70G UP MRN | G35: 455 | P35: =SUM(D35:O35) -> 455
C36: FILE DE TILAPIA RESFR. 70G UP PRN | F36: 1665 | G36: 775 | P36: =SUM(D36:O36) -> 2440
C37: FILE DE TILAPIA RESFR. G 130/180G MRN | D37: 28203 | E37: 27526 | F37: 22542 | G37: 25818 | H37: 21881 | I37: 14221 | J37: 5990 | K37: 4270 | P37: =SUM(D37:O37) -> 150451
C38: FILE DE TILAPIA RESFR. G 130/180G MRN - A VACUO 1KG | I38: 11 | J38: 48 | K38: 36 | P38: =SUM(D38:O38) -> 95
C39: FILE DE TILAPIA RESFR. G 130/180G MRN M&R - ISOPOR 5KG | I39: 3590 | J39: 11000 | K39: 20710 | P39: =SUM(D39:O39) -> 35300
C40: FILE DE TILAPIA RESFR. G 130/180G PRN | D40: 300 | P40: =SUM(D40:O40) -> 300
C41: FILE DE TILAPIA RESFR. GG 180G UP PRN | D41: 1080 | E41: 250 | P41: =SUM(D41:O41) -> 1330
C42: FILE DE TILAPIA RESFR. GG 180G UP MRN | D42: 20865 | E42: 25440 | F42: 15570 | G42: 12140 | H42: 13920 | I42: 20010 | J42: 29290 | K42: 42195 | P42: =SUM(D42:O42) -> 179430
C43: FILE DE TILAPIA RESFR. GG 180G UP MRN M&N - ISOPOR 5KG | I43: 2500 | J43: 6160 | K43: 7785 | P43: =SUM(D43:O43) -> 16445
C44: FILE DE TILAPIA RESFR. M 90/130G MRN | E44: 1440 | F44: 2160 | G44: 780 | H44: 1560 | I44: 980 | P44: =SUM(D44:O44) -> 6920
C45: FILE DE TILAPIA RESFR. M 90/130G - CX 30KG | I45: 300 | P45: =SUM(D45:O45) -> 300
C46: FILE DE TILAPIA S/ PELE RESFRIADO | I46: 6040 | J46: 13160 | K46: 20730 | P46: =SUM(D46:O46) -> 39930
C47: FILE DE TILAPIA RESFR. M 90/130G | J47: 600 | K47: 1140
C48: FILE DE TILAPIA RESFR. GG 180G UP PRN - A VACUO 1KG | J48: 5 | K48: 1
C49: FILE DE TILAPIA RESFR. 100G UP PRN - A VACUO 1KG | J49: 3
C50: FRESH TILAPIA FILLETS 5/7 OZ | D50: 0 | E50: 0 | F50: 0 | G50: 0 | H50: 0 | I50: 0 | J50: 0 | K50: 90.8
C51: FILE DE TILAPIA RESFR. G 180G UP MRN - A VACUO 1KG | D51: 0 | E51: 0 | F51: 0 | G51: 0 | H51: 0 | I51: 0 | J51: 0 | K51: 14
C52: PAC008 | I52: 113 | P52: =SUM(D52:O52) -> 113
C53: FILE DE TILAPIA C/PELE CONG. 100 UP PRN - PAPELAO 15KG | I53: 113 | P53: =SUM(D53:O53) -> 113
C54: PAC009 | D54: 6 | E54: 352 | F54: 8 | I54: 2 | J54: 8 | P54: =SUM(D54:O54) -> 376
C55: FILE DE TILAPIA C/ PELE RESFR. 100 UP PRN - ISOPOR 5KG | E55: 350 | P55: =SUM(D55:O55) -> 350
C56: FILE DE TILAPIA C/PELE RESFR. G 130/180G | D56: 6 | E56: 2 | F56: 8 | P56: =SUM(D56:O56) -> 16
C57: FILE DE TILAPIA C/PELE RESFR. G 130/180G - A VACUO 1KG | I57: 2 | J57: 8 | P57: =SUM(D57:O57) -> 10
C58: SUB001 | D58: 310840 | E58: 268530 | F58: 256561 | G58: 202315.78 | H58: 211365.43 | I58: 141069.31 | J58: 9885.8 | K58: 81711.566 | P58: =SUM(D58:O58) -> 1482278.9
C59: BARRIGUINHA CONGELADO | E59: 150 | I59: 80 | K59: 50 | P59: =SUM(D59:O59) -> 280
C60: CARCACA DE PEIXE | D60: 310840 | E60: 268380 | F60: 256560 | G60: 202315.78 | H60: 211365.43 | I60: 140989.31 | J60: 9885.8 | K60: 81661.566 | P60: =SUM(D60:O60) -> 1481997.9
C61: PELE DE PEIXE | F61: 1 | P61: =SUM(D61:O61) -> 1
P62: =SUM(D62:O62) -> 0
C63: TOTAL PESO BRUTO FATURADO | D63: =+D58+D54+D52+D29+D18+D11+D4+D2 -> 462841.68 | E63: =+E58+E54+E52+E29+E18+E11+E4+E2 -> 432331.1 | F63: =+F58+F54+F52+F29+F18+F11+F4+F2 -> 400233.21 | G63: =+G58+G54+G52+G29+G18+G11+G4+G2 -> 306863.18 | H63: =+H58+H54+H52+H29+H18+H11+H4+H2 -> 314892.83 | I63: =+I58+I54+I52+I29+I18+I11+I4+I2 -> 285851.74 | J63: =+J58+J54+J52+J29+J18+J11+J4+J2 -> 404337.16 | K63: =+K58+K54+K52+K29+K18+K11+K4+K2 -> 616207.19 | ... O63: =+O58+O54+O52+O29+O18+O11+O4+O2 -> 0 | P63: =SUM(D63:O63) -> 3223558.1
A67: 4310102 | B67: CUSTO MÉDIO | C67: Absorção Custo de Filés Vendidos | D67: 45292 | E67: 45323 | F67: 45352 | G67: 45383 | H67: 45413 | I67: 45444 | J67: 45474 | K67: 45505 | L67: 45536 | M67: 45566 | N67: 45597 | O67: 45627 | P67: TOTAL 2024
A68: PAC006 - PAPELÃO | B68: =+'estruturas MODELOS'!F99 -> 21.854447 | C68: FILE DE TILAPIA CONG. | D68: 41845.826 | E68: 351989.33 | F68: 373271.05 | G68: 71537.077 | H68: 281169.86 | I68: 989499.05 | J68: 163884.94 | K68: =(K18-K19)*$B$68 -> 388899.89 | L68: =+L18*$B$68 -> 0 | M68: =+M18*$B$68 -> 0 | N68: =+N18*$B$68 -> 0 | O68: =+O18*$B$68 -> 0 | P68: =SUM(D68:O68) -> 2662097
A69: PAC007 - RESFR ISOPOR | B69: =+'estruturas MODELOS'!F19 -> 22.528975 | C69: FILE DE TILAPIA RESFR. | D69: 3472902.6 | E69: 3418183.3 | F69: 2937926.4 | G69: 2344783.6 | H69: 2097401.7 | I69: 2115402.4 | J69: 2654797.7 | K69: =+K29*$B$69 -> 3447919.9 | L69: =+L29*$B$69 -> 0 | M69: =+M29*$B$69 -> 0 | N69: =+N29*$B$69 -> 0 | O69: =+O29*$B$69 -> 0 | P69: =SUM(D69:O69) -> 22489318
A70: PAC008 - PAPELÃO | B70: =+'estruturas MODELOS'!F110 -> 21.854447 | C70: FILE DE TILAPIA C/PELE CONG. | D70: 0 | E70: 0 | F70: 0 | G70: 0 | H70: 0 | I70: 2534.072 | J70: 0 | K70: =+K52*$B$70 -> 0 | L70: =+L52*$B$70 -> 0 | M70: =+M52*$B$70 -> 0 | N70: =+N52*$B$70 -> 0 | O70: =+O52*$B$70 -> 0 | P70: =SUM(D70:O70) -> 2534.072
A71: PAC009 - À VACUO | B71: =+'estruturas MODELOS'!F30 -> 21.571729 | C71: FILE DE TILAPIA C/ PELE RESFR. | D71: 133.01386 | E71: 7803.4797 | F71: 177.35181 | G71: 0 | H71: 0 | I71: 44.337953 | J71: 177.35181 | K71: =+K54*$B$71 -> 0 | L71: =+L54*$B$71 -> 0 | M71: =+M54*$B$71 -> 0 | N71: =+N54*$B$71 -> 0 | O71: =+O54*$B$71 -> 0 | P71: =SUM(D71:O71) -> 8335.5352
D72: 3514881.4 | E72: 3777976.1 | F72: 3311374.8 | G72: 2416320.7 | H72: 2378571.6 | I72: 3107479.8 | J72: 2818860 | K72: =SUM(K68:K71) -> 3836819.8 | L72: =SUM(L68:L71) -> 0 | M72: =SUM(M68:M71) -> 0 | N72: =SUM(N68:N71) -> 0 | O72: =SUM(O68:O71) -> 0 | P72: =SUM(D72:O72) -> 25162284
A74: 4310103 | B74: CUSTO MÉDIO | C74: Absorção Custo de Sub Produtos Vendidos | D74: 45292 | E74: 45323 | F74: 45352 | G74: 45383 | H74: 45413 | I74: 45444 | J74: 45474 | K74: 45505 | L74: 45536 | M74: 45566 | N74: 45597 | O74: 45627 | P74: TOTAL 2024
A75: PAC001 | B75: =+'estruturas MODELOS'!F164 -> 6.8230388 | C75: TILAPIA INTEIRA FRESCA - CAIXA PLASTICA 20KG | D75: 0 | E75: 0 | F75: 0 | G75: 0 | H75: 0 | I75: 63227.776 | J75: 71202.45 | K75: =+K2*$B$75 -> 228610.01 | L75: =+L2*$B$75 -> 0 | M75: =+M2*$B$75 -> 0 | N75: =+N2*$B$75 -> 0 | O75: =+O2*$B$75 -> 0 | P75: =SUM(D75:O75) -> 363040.23
A76: PAC002 | B76: =+'estruturas MODELOS'!F164 -> 6.8230388 | C76: TILAPIA INTEIRA EVISC C/ OU S/ ESCAMA | D76: 204.20863 | E76: 121.75619 | F76: 215.09548 | G76: 102.49593 | H76: 2409.4553 | I76: 1669.2489 | J76: 2054.8386 | K76: =+K4*$B$76 -> 5209.1649 | L76: =+L4*$B$76 -> 0 | M76: =+M4*$B$76 -> 0 | N76: =+N4*$B$76 -> 0 | O76: =+O4*$B$76 -> 0 | P76: =SUM(D76:O76) -> 11986.264
A77: PAC003 | B77: =+'estruturas MODELOS'!F164 -> 6.8230388 | C77: TILAPIA INTEIRA ESPALMADA CONGELADA | D77: 0 | E77: 0 | F77: 71.20245 | G77: 0 | H77: 0 | I77: 0 | J77: 33.963569 | K77: =+K11*$B$77 -> 563294.8 | L77: =+L11*$B$77 -> 0 | M77: =+M11*$B$77 -> 0 | N77: =+N11*$B$77 -> 0 | O77: =+O11*$B$77 -> 0 | P77: =SUM(D77:O77) -> 563399.96
A78: PAC006 | B78: ='estruturas MODELOS'!F156 -> 0.68583974 | C78: CARCACA FRESCA - A GRANEL - GRANEL | D78: 1314.2767 | E78: 11055.138 | F78: 11723.546 | G78: 2246.8075 | H78: 8830.869 | I78: 31077.784 | J78: 184604.46 | K78: =+K19*$B$78 -> 169285.82 | L78: =+L18*$B$78 -> 0 | M78: =+M18*$B$78 -> 0 | N78: =+N18*$B$78 -> 0 | O78: =+O18*$B$78 -> 0 | P78: =SUM(D78:O78) -> 420138.71
A79: SUB001 | B79: =+'estruturas MODELOS'!F150 -> 0.27338438 | C79: BARRIGUINHA CONGELADO | D79: 0 | E79: 42.736444 | F79: 0 | G79: 0 | H79: 0 | I79: 22.79277 | J79: 0 | K79: =+K59*$B$79 -> 13.669219 | L79: =+L59*$B$79 -> 0 | M79: =+M59*$B$79 -> 0 | N79: =+N59*$B$79 -> 0 | O79: =+O59*$B$79 -> 0 | P79: =SUM(D79:O79) -> 79.198432
A80: SUB001 | B80: =+'estruturas MODELOS'!F156 -> 0.68583974 | C80: CARCACA DE PEIXE | D80: 218933.43 | E80: 189027.64 | F80: 180702.48 | G80: 142496.74 | H80: 148870.67 | I80: 99302.768 | J80: 6962.8493 | K80: =+K60*$B$80 -> 56006.747 | L80: =+L60*$B$80 -> 0 | M80: =+M60*$B$80 -> 0 | N80: =+N60*$B$80 -> 0 | O80: =+O60*$B$80 -> 0 | P80: =SUM(D80:O80) -> 1042303.3
A81: SUB001 | B81: =+'estruturas MODELOS'!F132 -> 1.5554005 | C81: PELE DE PEIXE | D81: 0 | E81: 0 | F81: 1.5846765 | G81: 0 | H81: 0 | I81: 0 | J81: 0 | K81: =+K61*$B$81 -> 0 | L81: =+L61*$B$81 -> 0 | M81: =+M61*$B$81 -> 0 | N81: =+N61*$B$81 -> 0 | O81: =+O61*$B$81 -> 0 | P81: =SUM(D81:O81) -> 1.5846765
D82: 220451.91 | E82: 200247.28 | F82: 192713.91 | G82: 144846.05 | H82: 160110.99 | I82: 195300.37 | J82: 264858.56 | K82: =SUM(K75:K81) -> 1022420.2 | L82: =SUM(L75:L81) -> 0 | M82: =SUM(M75:M81) -> 0 | N82: =SUM(N75:N81) -> 0 | O82: =SUM(O75:O81) -> 0 | P82: =SUM(D82:O82) -> 2400949.3
A84: 4310104 | B84: CUSTO MÉDIO | C84: Absorção Custo de Produção Farinha e Óleo Vendidos | D84: 45292 | E84: 45323 | F84: 45352 | G84: 45383 | H84: 45413 | I84: 45444 | J84: 45474 | K84: 45505 | L84: 45536 | M84: 45566 | N84: 45597 | O84: 45627 | P84: TOTAL 2024
A85: PAC004 | B85: =+'estruturas MODELOS'!F172 -> 1.8199913 | C85: FARINHA DE PEIXE | D85: 0 | E85: 0 | F85: 0 | G85: 0 | H85: 0 | I85: 0 | J85: 0 | K85: 0 | L85: 0 | M85: 0 | N85: 0 | O85: 0 | P85: =SUM(D85:O85) -> 0
A86: PAC00x | C86: OLEO DE PEIXE | D86: 0 | E86: 0 | F86: 0 | G86: 0 | H86: 0 | I86: 0 | J86: 0 | K86: 0 | L86: 0 | M86: 0 | N86: 0 | O86: 0 | P86: =SUM(D86:O86) -> 0
D87: 0 | E87: 0 | F87: 0 | G87: 0 | H87: 0 | I87: 0 | J87: 0 | K87: =SUM(K85:K86) -> 0 | L87: =SUM(L85:L86) -> 0 | M87: =SUM(M85:M86) -> 0 | N87: =SUM(N85:N86) -> 0 | O87: =SUM(O85:O86) -> 0 | P87: =SUM(D87:O87) -> 0
D92: lote 1694 | E92: lote 1695 | F92: lote 1696 | G92: lote 1697 | H92: lote 1698 | I92: lote 1699 | J92: lote 1746 | K92: lote 1875
A93: D- | B93: C- | C93: CUSTO CONTÁBIL | D93: 45292 | E93: 45323 | F93: 45352 | G93: 45383 | H93: 45413 | I93: 45444 | J93: 45474 | K93: 45505 | L93: 45536 | M93: 45566 | N93: 45597 | O93: 45627 | P93: TOTAL 2024
A94: CUSTO | B94: ESTOQUE | C94: (-) CUSTOS DIRETOS NA VENDA DE PEIXES VIVOS E PRODUTOS ACABADOS | D94: =SUM(D95:D98) -> 3911077.4 | E94: =SUM(E95:E98) -> 4167122.2 | F94: =SUM(F95:F98) -> 3669657.5 | G94: =SUM(G95:G98) -> 2681982.8 | H94: =SUM(H95:H98) -> 2657611.1 | I94: =SUM(I95:I98) -> 3458154.2 | J94: =SUM(J95:J98) -> 3224661.5 | K94: =SUM(K95:K98) -> 5051081 | ... P94: =SUM(P95:P98) -> 28821348
A95: 4310102 | B95: 1133102 | C95: Absorção Custo de Filés Vendidos | D95: =+D72 -> 3514881.4 | E95: =+E72 -> 3777976.1 | F95: =+F72 -> 3311374.8 | G95: =+G72 -> 2416320.7 | H95: =+H72 -> 2378571.6 | I95: =+I72 -> 3107479.8 | J95: =+J72 -> 2818860 | K95: =+K72 -> 3836819.8 | ... O95: =+O72 -> 0 | P95: =SUM(D95:O95) -> 25162284
A96: 4310103 | B96: 1133102 | C96: Absorção Custo de Sub Produtos Vendidos | D96: =+D82 -> 220451.91 | E96: =+E82 -> 200247.28 | F96: =+F82 -> 192713.91 | G96: =+G82 -> 144846.05 | H96: =+H82 -> 160110.99 | I96: =+I82 -> 195300.37 | J96: =+J82 -> 264858.56 | K96: =+K82 -> 1022420.2 | ... O96: =+O82 -> 0 | P96: =SUM(D96:O96) -> 2400949.3
A97: 4310104 | B97: - | C97: Absorção Custo de Produção Farinha e Óleo Vendidos | D97: =+D87 -> 0 | E97: =+E87 -> 0 | F97: =+F87 -> 0 | G97: =+G87 -> 0 | H97: =+H87 -> 0 | I97: =+I87 -> 0 | J97: =+J87 -> 0 | K97: =+K87 -> 0 | ... O97: =+O87 -> 0 | P97: =SUM(D97:O97) -> 0
A98: 4310105 | B98: 1133102 | C98: Custo Perda Inerente Produção Filés | D98: =+D72*0.05 -> 175744.07 | E98: =+E72*0.05 -> 188898.81 | F98: =+F72*0.05 -> 165568.74 | G98: =+G72*0.05 -> 120816.03 | H98: =+H72*0.05 -> 118928.58 | I98: =+I72*0.05 -> 155373.99 | J98: =+J72*0.05 -> 140943 | K98: =+K72*0.05 -> 191840.99 | ... O98: =+O72*0.05 -> 0 | P98: =SUM(D98:O98) -> 1258114.2
C101: fat bruto | D101: 6251267 | E101: 5886817.9 | F101: 5970128.9 | G101: 4421907.6 | H101: 4193423.4 | I101: 4030298.7 | P101: =SUM(D101:O101) -> 30753843
C102: CONTABIL | D102: =+D94/D101 -> 0.62564556 | E102: =+E94/E101 -> 0.70787347 | F102: =+F94/F101 -> 0.61466973 | G102: =+G94/G101 -> 0.60652168 | H102: =+H94/H101 -> 0.63375692 | I102: =+I94/I101 -> 0.85803918 | P102: =+P94/P101 -> 0.93716247
C104: fat bruto | D104: 6251267 | E104: 6782691.5 | F104: 5970538.9 | G104: 4421907.6 | H104: 4194473.4 | I104: 4030298.7
C105: 1133003 | D105: =+D104-D101 -> 0 | E105: =+E104-E101 -> 895873.6 | F105: =+F104-F101 -> 410 | G105: =+G104-G101 -> 0 | H105: =+H104-H101 -> 1050 | I105: =+I104-I101 -> 0
E109: D-1133102
C110: PA | E110: C-ESTOQUE
B111: PEIXE VIVO | C111: 1133001
B112: EMBALAGENS | C112: 1133003 | D112: 1
C113: FFO
B114: RESIDUOS | C114: 1134001
B115: DEMAIS INSUMOS | C115: 1134002
...

Sheet Planilha2
A1: PAC007 | B1: EMB005 | C1: RESFRIADO | E1: $ | G1: PELE SACO 12 KG
A2: FLR001 | B2: FILÉ SEM PELE IN NATURA | C2: kg | D2: 5 | E2: =(8.02*37%)*D2 -> 14.837 | G2: 04.0015 | H2: RESÍDUO | I2: kg | J2: 12
A3: 05.0004 | B3: CAIXA DE ISOPOR (8,5L) | C3: unidade | D3: 1 | E3: 5.35 | G3: 05.0086 | H3: RIBBON | I3: metros | J3: 0,17
A4: 05.0083 | B4: FOLHA PE LISA 30X40 | C4: unidades | D4: 3 | E4: =D4*0.06 -> 0.18 | H4: ETIQUETA | I4: unidade | J4: 1
A5: 05.0086 | B5: RIBBON | C5: metros | D5: 0,17 | E5: =D5*0.003 -> 0.00051 | G5: 05.0090 | H5: SACO 500X800X0,16 AZUL | I5: unidade | J5: 1
A6: 05.0087 | B6: FITA ADESIVA | C6: metros | D6: 1,25 | E6: =D6*0.057 -> 0.07125
B7: ETIQUETA | C7: unidade | D7: 1 | E7: =D7*0.1863 -> 0.1863
A8: 05.0092 | B8: ABSORVENTE BRANCO | C8: unidade | D8: 3 | E8: =D8*0.072 -> 0.216 | G8: VENTRECHA CONGELADA SACO 12 KG
B9: SACO GELOX | C9: unidades | D9: 1 | E9: =D9*0.074 -> 0.074 | G9: 04.0015 | H9: RESÍDUO | I9: kg | J9: 12
B10: PÓ GEL (GELOX) | C10: gramas | D10: 0,175 | E10: =D10*0.0002 -> 3.5e-05 | G10: 05.0086 | H10: RIBBON | I10: metros | J10: 0,17
E11: =SUM(E2:E10) -> 20.915095 | F11: =(161880/5)*E11 -> 677147.12 | H11: ETIQUETA | I11: unidade | J11: 1
A12: PAC007 | B12: EMB011 | C12: RESFRIADO | G12: 05.0090 | H12: SACO 500X800X0,16 AZUL | I12: unidade | J12: 1
A13: FLR001 | B13: FILÉ SEM PELE IN NATURA | C13: kg | D13: 30
A14: 05.0080 | B14: CAIXA DE PAPELÃO 330X430X330mm | C14: unidade | D14: 1
A15: 05.0059 | B15: SACO QUALY NP 350 X 450 X 120P | C15: unidade | D15: 6 | G15: BARRIGUINHA CONGELADA SACO 12 KG
A16: 05.0086 | B16: RIBBON | C16: metros | D16: 1,19 | G16: 04.0015 | H16: RESÍDUO | I16: kg | J16: 12
A17: 05.0089 | B17: FITA DE ARQUEAR | C17: metros | D17: 2,68 | G17: 05.0086 | H17: RIBBON | I17: metros | J17: 0,17
B18: ETIQUETA (unidades) | C18: unidade | D18: 7 | H18: ETIQUETA | I18: unidade | J18: 1
G19: 05.0090 | H19: SACO 500X800X0,16 AZUL | I19: unidade | J19: 1
A20: PAC009 | B20: EMB001 | C20: RESFRIADO
A21: FLR001 | B21: FILÉ SEM PELE IN NATURA | C21: kg | D21: 1
A22: 05.0059 | B22: SACO PLASTICO 1KG - UNICA | C22: unidade | D22: 1 | G22: PAC001 | H22: TILÁPIA INTEIRA NO GELO
A23: 05.0086 | B23: RIBBON | C23: metros | D23: 0,17 | G23: 03.0005 | H23: TILAPIA INTEIRA FRESCA | I23: kg | J23: 20
B24: ETIQUETA (unidades) | C24: unidade | D24: 1 | G24: 05.0086 | H24: RIBBON | I24: metros | J24: 0,17
H25: ETIQUETA | I25: unidade | J25: 1
A26: PAC006 | B26: EMB009 | C26: CONGELADO | H26: GELO | I26: kg | J26: 15
A27: FLR001 | B27: FILÉ SEM PELE IN NATURA | C27: kg | D27: 15
A28: 05.0080 | B28: CAIXA DE PAPELÃO 330X430X330mm | C28: unidade | D28: 1
A29: 05.0073 | B29: SACO PARA CONGELADOS | C29: unidade | D29: 3
A30: 05.0086 | B30: RIBBON | C30: metros | D30: 0,68
A31: 05.0089 | B31: FITA DE ARQUEAR | C31: metros | D31: 2,68
B32: ETIQUETA (unidades) | C32: unidade | D32: 4
